[
  {
    "id": 6,
    "name": "Leather Belt",
    "salePrice": "49.99",
    "quantity": 23,
    "description": "Genuine leather belt",
    "category": "Apparel",
    "discountPercentage": 0,
    "imageUrl": "https://cdn.discordapp.com/attachments/1061944547246088242/1175873274731839699/meir_asulin_Genuine_leather_belt_fc788609-20f9-47d0-8a00-131f8793a8c4.png",
    "imageAlt": "Leather belt"
  },
  {
    "id": 7,
    "name": "Phone Case",
    "salePrice": "19.99",
    "quantity": 40,
    "description": "Protective case for iPhone 12",
    "category": "Electronics",
    "discountPercentage": 0,
    "imageUrl": "https://cdn.discordapp.com/attachments/1061944547246088242/1175873553091022889/meir_asulin_phone_case__._Protective_case_for_iPhone_12_10d77e32-9445-4e40-bee0-5233d2eff0bc.png",
    "imageAlt": "Phone case"
  },
  {
    "id": 8,
    "name": "Smart Watch",
    "salePrice": "249.99",
    "quantity": 15,
    "description": "Fitness tracker with heart rate monitor",
    "category": "Electronics",
    "discountPercentage": 10,
    "imageUrl": "https://cdn.discordapp.com/attachments/1061944547246088242/1175873865373728908/meir_asulin_smart_watch__._Fitness_tracker_with_heart_rate_moni_59b2c259-c8bb-4f24-ab12-b199531b3efc.png",
    "imageAlt": "Smart watch"
  },
  {
    "id": 9,
    "name": "Backpack",
    "salePrice": "69.99",
    "quantity": 12,
    "description": "Water-resistant backpack for school or travel",
    "category": "Apparel",
    "discountPercentage": 0,
    "imageUrl": "https://cdn.discordapp.com/attachments/1061944547246088242/1175874137189793852/meir_asulin_Backpack__._Water-resistant_backpack_for_school_or__4dd2fba8-15d4-414e-964c-dc7c9ec85d9e.png",
    "imageAlt": "Backpack"
  },
  {
    "id": 10,
    "name": "Office Chair",
    "salePrice": "199.99",
    "quantity": 3,
    "description": "Ergonomic desk chair with lumbar support",
    "category": "Home",
    "discountPercentage": 0,
    "imageUrl": "https://cdn.discordapp.com/attachments/1061944547246088242/1175874274834251877/meir_asulin_office_chair__Ergonomic_desk_chair_with_lumbar_supp_fa4e7522-179a-4ada-9440-d8c521fb85f2.png",
    "imageAlt": "Office chair"
  },
  {
    "id": 11,
    "name": "Running Shoes",
    "salePrice": "89.99",
    "quantity": 25,
    "description": "Lightweight mesh running shoes",
    "category": "Apparel",
    "discountPercentage": 10,
    "imageUrl": "https://cdn.discordapp.com/attachments/1061944547246088242/1177216392982970388/meir_asulin_Running_Shoes_0f1e5fce-8aaf-4d49-8ccb-27a9368ae036.png",
    "imageAlt": "Running shoes"
  },
  {
    "id": 12,
    "name": "Flannel Shirt",
    "salePrice": "39.99",
    "quantity": 22,
    "description": "Plaid flannel button up shirt",
    "category": "Apparel",
    "discountPercentage": 0,
    "imageUrl": "https://cdn.discordapp.com/attachments/1061944547246088242/1177216701025226752/meir_asulin_Flannel_Shirt_0cf0e97f-d824-4ca5-b7c1-abde13a932e9.png",
    "imageAlt": "Flannel shirt"
  },
  {
    "id": 13,
    "name": "Skinny Jeans",
    "salePrice": "49.99",
    "quantity": 18,
    "description": "Stretchy skinny jeans",
    "category": "Apparel",
    "discountPercentage": 0,
    "imageUrl": "https://cdn.discordapp.com/attachments/1061944547246088242/1177218870679978104/meir_asulin_man_Skinny_Jeans_017cc9fd-48ec-427b-838b-30e7451c9f10.png",
    "imageAlt": "Skinny jeans"
  },
  {
    "id": 14,
    "name": "Resistance Bands",
    "salePrice": "19.99",
    "quantity": 40,
    "description": "Set of 4 stretchy resistance bands",
    "category": "Fitness",
    "discountPercentage": 0,
    "imageUrl": "https://cdn.discordapp.com/attachments/1061944547246088242/1177219057137745991/meir_asulin_Set_of_4_stretchy_resistance_bands_for_sale_23b1a8ae-e5b3-4ed3-8ec6-5d8afe44dad6.png",
    "imageAlt": "Resistance bands"
  },
  {
    "id": 15,
    "name": "Kettlebell",
    "salePrice": "49.99",
    "quantity": 25,
    "description": "15 lb cast iron kettlebell",
    "category": "Fitness",
    "discountPercentage": 0,
    "imageUrl": "https://cdn.discordapp.com/attachments/1061944547246088242/1177218906088288288/meir_asulin_Kettlebell_for_sale_7b86aa5f-f9a2-4bb0-8607-84f2d12aa25f.png",
    "imageAlt": "Kettlebell"
  },
  {
    "id": 16,
    "name": "Rowing Machine",
    "salePrice": "299.99",
    "quantity": 5,
    "description": "Magnetic rowing machine with LCD display",
    "category": "Fitness",
    "discountPercentage": 10,
    "imageUrl": "https://cdn.discordapp.com/attachments/1061944547246088242/1177220261259526154/meir_asulin_Magnetic_rowing_machine_with_LCD_display_for_sale_d2bd0ddf-b6ba-4d51-ac7f-343b0cf7ce51.png",
    "imageAlt": "Rowing machine"
  },
  {
    "id": 17,
    "name": "Yoga Blocks",
    "salePrice": "14.99",
    "quantity": 40,
    "description": "Set of 2 high density foam yoga blocks",
    "category": "Fitness",
    "discountPercentage": 0,
    "imageUrl": "https://cdn.discordapp.com/attachments/1061944547246088242/1177220296416174130/meir_asulin_Set_of_2_high_density_foam_yoga_blocks_for_sale_f6084876-2c90-4e8f-96e5-32f55a4bae42.png",
    "imageAlt": "Yoga blocks"
  },
  {
    "id": 18,
    "name": "Jump Rope",
    "salePrice": "12.99",
    "quantity": 55,
    "description": "Adjustable speed jump rope",
    "category": "Fitness",
    "discountPercentage": 0,
    "imageUrl": "https://cdn.discordapp.com/attachments/1061944547246088242/1177220907928924161/meir_asulin_Jump_Rope__for_sale_a371d213-2a85-4e0f-87a5-ef9b83e9ff6b.png",
    "imageAlt": "Jump rope"
  },
  {
    "id": 19,
    "name": "Surge Protector",
    "salePrice": "24.99",
    "quantity": 55,
    "description": "6 outlet surge protecting power strip",
    "category": "Electronics",
    "discountPercentage": 0,
    "imageUrl": "https://cdn.discordapp.com/attachments/1061944547246088242/1177222282939220118/meir_asulin_outlet_surge_protecting_power_strip_ebb7e798-039b-4148-aaff-38df8a679d5f.png",
    "imageAlt": "Surge protector"
  },
  {
    "id": 20,
    "name": "Portable Speaker",
    "salePrice": "79.99",
    "quantity": 22,
    "description": "Rechargeable Bluetooth speaker",
    "category": "Electronics",
    "discountPercentage": 0,
    "imageUrl": "https://cdn.discordapp.com/attachments/1061944547246088242/1177222269945254018/meir_asulin_Rechargeable_Bluetooth_speaker_4154b4e9-8178-4a45-a937-8e30829fbdce.png",
    "imageAlt": "Portable speaker"
  },
  {
    "id": 21,
    "name": "Webcam",
    "salePrice": "59.99",
    "quantity": 15,
    "description": "HD video recording webcam",
    "category": "Electronics",
    "discountPercentage": 10,
    "imageUrl": "https://cdn.discordapp.com/attachments/1061944547246088242/1177222515488210974/meir_asulin_HD_video_recording_webcam_62e26892-0412-4583-a017-5d133324cda9.png",
    "imageAlt": "Webcam"
  },
  {
    "id": 22,
    "name": "Printer",
    "salePrice": "129.99",
    "quantity": 12,
    "description": "Wireless all-in-one color printer",
    "category": "Electronics",
    "discountPercentage": 0,
    "imageUrl": "https://cdn.discordapp.com/attachments/1061944547246088242/1177222417433759785/meir_asulin_Wireless_all-in-one_color_printer_b4c30a45-d3d0-4fbc-bb32-19586ae34dc5.png",
    "imageAlt": "Printer"
  },
  {
    "id": 23,
    "name": "Smart Plug",
    "salePrice": "19.99",
    "quantity": 45,
    "description": "WiFi enabled smart plug",
    "category": "Electronics",
    "discountPercentage": 0,
    "imageUrl": "https://cdn.discordapp.com/attachments/1061944547246088242/1177223923557990400/meir_asulin_A_smart_plug_that_supports_digital_WiFi_2d029677-ed0c-4262-ac5e-5bcd19e01b45.png",
    "imageAlt": "Smart plug"
  },
  {
    "id": 24,
    "name": "Cutlery Set",
    "salePrice": "39.99",
    "quantity": 28,
    "description": "24 piece stainless steel cutlery set",
    "category": "Home",
    "discountPercentage": 0,
    "imageUrl": "https://cdn.discordapp.com/attachments/1061944547246088242/1177223857061507123/meir_asulin_Cutlery_Set_minimalistic__for_sale_ff720474-bf16-4977-bb83-be557b6ee521.png",
    "imageAlt": "Cutlery set"
  },
  {
    "id": 25,
    "name": "Pressure Cooker",
    "salePrice": "99.99",
    "quantity": 12,
    "description": "6 quart electric pressure cooker",
    "category": "Home",
    "discountPercentage": 10,
    "imageUrl": "https://cdn.discordapp.com/attachments/1061944547246088242/1177223818444541983/meir_asulin_quart_electric_pressure_cooker_4a5f8080-17fc-41b7-a7fe-c1601d946974.png",
    "imageAlt": "Pressure cooker"
  },
  {
    "id": 26,
    "name": "Towel Set",
    "salePrice": "29.99",
    "quantity": 25,
    "description": "4 piece cotton bath towel set",
    "category": "Home",
    "discountPercentage": 0,
    "imageUrl": "https://cdn.discordapp.com/attachments/1061944547246088242/1177223705177374740/meir_asulin_Towel_Set_961b5786-ef7d-4895-b5fb-53e4817ac90b.png",
    "imageAlt": "Towel set"
  },
  {
    "id": 1,
    "name": "Blue T-Shirt",
    "salePrice": "19.99",
    "quantity": 47,
    "description": "Cotton short sleeve t-shirt",
    "category": "Apparel",
    "discountPercentage": 0,
    "imageUrl": "https://cdn.discordapp.com/attachments/1061944547246088242/1175870410601009272/meir_asulin_Cotton_short_sleeve_t-shirt_blue_71fa9687-e15c-4961-ba15-eac5122b3c51.png",
    "imageAlt": "Blue t-shirt"
  },
  {
    "id": 27,
    "name": "Area Rug",
    "salePrice": "99.99",
    "quantity": 6,
    "description": "5 x 8 reversible shag area rug",
    "category": "Home",
    "discountPercentage": 0,
    "imageUrl": "https://cdn.discordapp.com/attachments/1061944547246088242/1177227462212595772/meir_asulin_Area_Rug_home_product_for_sale_227d889c-dd8d-42a8-87ec-40eb78c2504a.png",
    "imageAlt": "Area rug"
  },
  {
    "id": 28,
    "name": "Desk Lamp",
    "salePrice": "39.99",
    "quantity": 22,
    "description": "Adjustable LED desk lamp",
    "category": "Home",
    "discountPercentage": 0,
    "imageUrl": "https://cdn.discordapp.com/attachments/1061944547246088242/1177227241474764830/meir_asulin_Desk_Lamp__home_product_for_sale_ad9bb43b-11a3-4e39-b7a1-31d499278163.png",
    "imageAlt": "Desk lamp"
  },
  {
    "id": 29,
    "name": "Tent",
    "salePrice": "129.99",
    "quantity": 8,
    "description": "4 person dome camping tent",
    "category": "Outdoors",
    "discountPercentage": 0,
    "imageUrl": "https://cdn.discordapp.com/attachments/1061944547246088242/1177227313998467072/meir_asulin_Tent__home_product_for_sale_dcce7435-436b-4490-959f-fb4d6befaf9b.png",
    "imageAlt": "Tent"
  },
  {
    "id": 30,
    "name": "Hiking Boots",
    "salePrice": "89.99",
    "quantity": 12,
    "description": "Waterproof leather hiking boots",
    "category": "Outdoors",
    "discountPercentage": 10,
    "imageUrl": "https://cdn.discordapp.com/attachments/1061944547246088242/1177227385473597480/meir_asulin_Hiking_Boots_555e53ba-cf5d-4241-8c9f-ff34fa1f2c81.png",
    "imageAlt": "Hiking boots"
  },
  {
    "id": 31,
    "name": "Fishing Pole",
    "salePrice": "49.99",
    "quantity": 15,
    "description": "Medium action spinning fishing rod",
    "category": "Outdoors",
    "discountPercentage": 0,
    "imageUrl": "https://cdn.discordapp.com/attachments/1061944547246088242/1177228479088033842/meir_asulin_Fishing_Pole_0542fd44-2f3b-46ed-9d73-a0e9a02c8a4d.png",
    "imageAlt": "Fishing pole"
  },
  {
    "id": 32,
    "name": "Sleeping Bag",
    "salePrice": "69.99",
    "quantity": 10,
    "description": "0 degree Fahrenheit mummy sleeping bag",
    "category": "Outdoors",
    "discountPercentage": 0,
    "imageUrl": "https://cdn.discordapp.com/attachments/1061944547246088242/1177228463489425570/meir_asulin_Sleeping_Bag_b3adc8d4-b947-4d14-bfe5-50d0180857f7.png",
    "imageAlt": "Sleeping bag"
  },
  {
    "id": 33,
    "name": "Cooler",
    "salePrice": "99.99",
    "quantity": 6,
    "description": "75 quart wheeled performance cooler",
    "category": "Outdoors",
    "discountPercentage": 0,
    "imageUrl": "https://cdn.discordapp.com/attachments/1061944547246088242/1177228438428459128/meir_asulin_Cooler_75315cdc-f2c6-44b1-a277-f25ceaed5c7b.png",
    "imageAlt": "Cooler"
  },
  {
    "id": 34,
    "name": "Baseball Glove",
    "salePrice": "69.99",
    "quantity": 10,
    "description": "Outfielder baseball glove",
    "category": "Sports",
    "discountPercentage": 0,
    "imageUrl": "https://cdn.discordapp.com/attachments/1061944547246088242/1177228977040003153/meir_asulin_new_Baseball_Glove_for_sale_88ceba40-a0cb-43c0-aa4e-8371546251bb.png",
    "imageAlt": "Baseball glove"
  },
  {
    "id": 35,
    "name": "Basketball",
    "salePrice": "24.99",
    "quantity": 20,
    "description": "Indoor/outdoor composite leather basketball",
    "category": "Sports",
    "discountPercentage": 0,
    "imageUrl": "https://cdn.discordapp.com/attachments/1061944547246088242/1177229330162651207/meir_asulin_Indooroutdoor_composite_leather_basketball_for_sale_c6483b9c-e26a-4e22-a3cd-070232e4c05f.png",
    "imageAlt": "Basketball"
  },
  {
    "id": 36,
    "name": "Soccer Cleats",
    "salePrice": "59.99",
    "quantity": 15,
    "description": "Firm ground soccer cleats",
    "category": "Sports",
    "discountPercentage": 10,
    "imageUrl": "https://cdn.discordapp.com/attachments/1061944547246088242/1177229608379220028/meir_asulin_Soccer_Cleats_7f794f97-801a-4b89-8de1-1a361900cbca.png",
    "imageAlt": "Soccer cleats"
  },
  {
    "id": 37,
    "name": "Tennis Racket",
    "salePrice": "99.99",
    "quantity": 8,
    "description": "Pre-strung lightweight tennis racket",
    "category": "Sports",
    "discountPercentage": 0,
    "imageUrl": "https://cdn.discordapp.com/attachments/1061944547246088242/1177230162140598352/meir_asulin_Tennis_Racket_new_for_sale_fd19aff0-206a-41c6-8c5e-20a4eb53de1b.png",
    "imageAlt": "Tennis racket"
  },
  {
    "id": 38,
    "name": "Golf Clubs",
    "salePrice": "399.99",
    "quantity": 3,
    "description": "Complete set of golf clubs with bag",
    "category": "Sports",
    "discountPercentage": 0,
    "imageUrl": "https://cdn.discordapp.com/attachments/1061944547246088242/1177229961946468352/meir_asulin_Complete_set_of_golf_clubs_with_bag_189ada80-07d8-4745-a6a3-6bd025e34c29.png",
    "imageAlt": "Golf clubs"
  },
  {
    "id": 39,
    "name": "Alarm Clock",
    "salePrice": "19.99",
    "quantity": 30,
    "description": "Digital LED alarm clock with USB charger",
    "category": "Home",
    "discountPercentage": 0,
    "imageUrl": "https://cdn.discordapp.com/attachments/1061944547246088242/1177230799133745182/meir_asulin_Digital_LED_alarm_clock_with_USB_charger_d61debad-1463-40ed-9525-1c9ea6b7b60a.png",
    "imageAlt": "Alarm clock"
  },
  {
    "id": 40,
    "name": "Picture Frames",
    "salePrice": "29.99",
    "quantity": 20,
    "description": "Set of 3 rustic inspired wood picture frames",
    "category": "Home",
    "discountPercentage": 0,
    "imageUrl": "https://cdn.discordapp.com/attachments/1061944547246088242/1177231177657110619/meir_asulin_Set_of_3_rustic_inspired_wood_picture_frames_00a97889-7c7b-41ec-a513-f0cefa10c154.png",
    "imageAlt": "Picture frames"
  },
  {
    "id": 41,
    "name": "Welcome Mat",
    "salePrice": "24.99",
    "quantity": 25,
    "description": "30\" x 18\" coir bristle door mat",
    "category": "Home",
    "discountPercentage": 0,
    "imageUrl": "https://cdn.discordapp.com/attachments/1061944547246088242/1177231333169320047/meir_asulin_coir_bristle_door_mat_47ba268a-ce57-4d60-8c62-92f4d19b6fa1.png",
    "imageAlt": "Welcome mat"
  },
  {
    "id": 42,
    "name": "Storage Bins",
    "salePrice": "16.99",
    "quantity": 36,
    "description": "Set of 6 plastic storage bins with lids",
    "category": "Home",
    "discountPercentage": 0,
    "imageUrl": "https://cdn.discordapp.com/attachments/1061944547246088242/1177231491340709918/meir_asulin_Set_of_6_plastic_storage_bins_with_lids_fd9de314-ae9b-4b62-9587-02e0c35b9e4c.png",
    "imageAlt": "Storage bins"
  },
  {
    "id": 43,
    "name": "Garbage Can",
    "salePrice": "29.99",
    "quantity": 15,
    "description": "13 gallon stainless steel step garbage can",
    "category": "Home",
    "discountPercentage": 10,
    "imageUrl": "https://cdn.discordapp.com/attachments/1061944547246088242/1177232619285512342/meir_asulin_13_gallon_stainless_steel_step_garbage_can_8d2357d0-0977-4a88-b6ff-0d74730420a2.png",
    "imageAlt": "Garbage can"
  },
  {
    "id": 44,
    "name": "Dog Bed",
    "salePrice": "54.99",
    "quantity": 12,
    "description": "Orthopedic memory foam dog bed",
    "category": "Pets",
    "discountPercentage": 0,
    "imageUrl": "https://cdn.discordapp.com/attachments/1061944547246088242/1177233353083207700/meir_asulin_Orthopedic_memory_foam_dog_bed_8412382d-cd40-4ec1-b8de-04b5d866e039.png",
    "imageAlt": "Dog bed"
  },
  {
    "id": 45,
    "name": "Cat Tree",
    "salePrice": "69.99",
    "quantity": 8,
    "description": "Multi-level sisal wrapped cat tree",
    "category": "Pets",
    "discountPercentage": 0,
    "imageUrl": "https://cdn.discordapp.com/attachments/1061944547246088242/1177233439368417301/meir_asulin_Cat_Tree_11e61857-1fd5-40a1-b11c-6ba213428a9c.png",
    "imageAlt": "Cat tree"
  },
  {
    "id": 46,
    "name": "Fish Tank",
    "salePrice": "99.99",
    "quantity": 6,
    "description": "20 gallon glass aquarium tank kit",
    "category": "Pets",
    "discountPercentage": 10,
    "imageUrl": "https://cdn.discordapp.com/attachments/1061944547246088242/1177234093222662224/meir_asulin_Fish_Tank_for_sale_8161856f-4c28-47c8-850d-54c8da6d275c.png",
    "imageAlt": "Fish tank"
  },
  {
    "id": 47,
    "name": "Dog Collar",
    "salePrice": "14.99",
    "quantity": 25,
    "description": "Nylon dog collar with buckle",
    "category": "Pets",
    "discountPercentage": 0,
    "imageUrl": "https://cdn.discordapp.com/attachments/1061944547246088242/1177234138395332659/meir_asulin_Dog_Collar_with_cute_dog_for_sale_195fdf6b-bbc0-4b19-9324-230bd3bb8f33.png",
    "imageAlt": "Dog collar"
  },
  {
    "id": 48,
    "name": "Cat Scratcher",
    "salePrice": "19.99",
    "quantity": 20,
    "description": "Corrugated cardboard cat scratcher",
    "category": "Pets",
    "discountPercentage": 0,
    "imageUrl": "https://cdn.discordapp.com/attachments/1061944547246088242/1177234471569866923/meir_asulin_Cat_Scratcher__for_sale_c61383e1-7953-4de3-88c4-f3bd572a803a.png",
    "imageAlt": "Cat scratcher"
  },
  {
    "id": 49,
    "name": "Rain Coat",
    "salePrice": "59.99",
    "quantity": 20,
    "description": "Hooded waterproof rain jacket",
    "category": "Apparel",
    "discountPercentage": 0,
    "imageUrl": "https://cdn.discordapp.com/attachments/1061944547246088242/1177235378181255248/meir_asulin_child_Raincoat_10efc30a-41c5-4d20-a1a1-6d7c0704e5ec.png",
    "imageAlt": "Rain coat"
  },
  {
    "id": 50,
    "name": "Slippers",
    "salePrice": "34.99",
    "quantity": 25,
    "description": "Faux fur lined indoor/outdoor slippers",
    "category": "Apparel",
    "discountPercentage": 10,
    "imageUrl": "https://cdn.discordapp.com/attachments/1061944547246088242/1177235448691703818/meir_asulin_cute_Slippers_86681d09-b54c-48f7-872f-85899cde6be5.png",
    "imageAlt": "Slippers"
  },
  {
    "id": 51,
    "name": "Handbag",
    "salePrice": "99.99",
    "quantity": 12,
    "description": "Faux leather dome shaped handbag",
    "category": "Apparel",
    "discountPercentage": 0,
    "imageUrl": "https://cdn.discordapp.com/attachments/1061944547246088242/1177235195435438090/meir_asulin_Faux_leather_dome_shaped_handbag_8c840f8b-1a3b-457b-a9e1-ef1012000337.png",
    "imageAlt": "Handbag"
  },
  {
    "id": 52,
    "name": "Sunglasses",
    "salePrice": "54.99",
    "quantity": 15,
    "description": "Polarized lens / UV protection sunglasses",
    "category": "Apparel",
    "discountPercentage": 0,
    "imageUrl": "https://cdn.discordapp.com/attachments/1061944547246088242/1177236613441519666/meir_asulin_cute_man_Sunglasses_f58a153d-76a6-4a5c-85e8-dafee7d24b5d.png",
    "imageAlt": "Sunglasses"
  },
  {
    "id": 53,
    "name": "Hammock",
    "salePrice": "89.99",
    "quantity": 8,
    "description": "Double wide color striped hammock",
    "category": "Outdoors",
    "discountPercentage": 0,
    "imageUrl": "https://cdn.discordapp.com/attachments/1061944547246088242/1177236699089219654/meir_asulin_Hammock_dace9c11-9d1e-4faa-a3db-7a744283a569.png",
    "imageAlt": "Hammock"
  },
  {
    "id": 54,
    "name": "Kayak",
    "salePrice": "499.99",
    "quantity": 3,
    "description": "2 person inflatable kayak package",
    "category": "Outdoors",
    "discountPercentage": 0,
    "imageUrl": "https://cdn.discordapp.com/attachments/1061944547246088242/1177236663538294804/meir_asulin_2_person_inflatable_kayak_package_f0abc837-1c76-4323-941a-e29736bfb01f.png",
    "imageAlt": "Kayak"
  },
  {
    "id": 55,
    "name": "Life Jacket",
    "salePrice": "49.99",
    "quantity": 12,
    "description": "US Coast Guard approved life jacket",
    "category": "Outdoors",
    "discountPercentage": 0,
    "imageUrl": "https://cdn.discordapp.com/attachments/1061944547246088242/1177236859982721145/meir_asulin_US_Coast_Guard_approved_life_jacket_85cb7842-41f1-40a7-9b6a-2fd4e66daf7f.png",
    "imageAlt": "Life jacket"
  },
  {
    "id": 3,
    "name": "Wireless Headphones",
    "salePrice": "99.99",
    "quantity": 56,
    "description": "Bluetooth over-ear headphones",
    "category": "Electronics",
    "discountPercentage": 0,
    "imageUrl": "https://cdn.discordapp.com/attachments/1061944547246088242/1175872330061316229/meir_asulin_Wireless_Headphones._Bluetooth_over-ear_headphones._400d5722-da66-4549-8017-9de6650b5a2f.png",
    "imageAlt": "Wireless headphones"
  }
]
